id,title,genres,original_language,overview,popularity,production_companies,release_date,budget,revenue,runtime,status,tagline,vote_average,vote_count,credits,keywords,poster_path,backdrop_path,recommendations
615656,Meg 2: The Trench,Action-Science Fiction-Horror,en,An exploratory dive into the deepest depths of the ocean of a daring research team spirals into chaos when a malevolent mining operation threatens their mission and forces them into a high-stakes battle for survival.,8763.998,Apelles Entertainment-Warner Bros. Pictures-di Bonaventura Pictures-CMC Pictures-Gravity Pictures-China Film Group Corporation,2023-08-02,129000000.0,352056482.0,116.0,Released,Back for seconds.,7.079,1365.0,Jason Statham-Wu Jing-Shuya Sophia Cai-Sergio Peris-Mencheta-Skyler Samuels-Cliff Curtis-Page Kennedy-Sienna Guillory-Melissanthi Mahut-Kiran Sonia Sawar-Felix Mayr-Whoopie van Raam-Guo Tao-Robin Hill-Dai Lele-Sui Fong Ivy Tsui-Stewart Alexander-Li Xin-Billy Clements-Ron Smoorenburg-Rui Shang-Sara Dee-Jonny James-Bai Narisu-Kenneth Won-Able Wanamakok,based on novel or book-sequel-kaiju,/4m1Au3YkjqsxF8iwQy0fPYSxE0h.jpg,/qlxy8yo5bcgUw2KAmmojUKp4rHd.jpg,1006462-298618-569094-1061181-346698-1076487-616747-1083862-614930-1003581-980489-614479-1040148-872585-57084-667538-1149381-457332-724209-884605
758323,The Pope's Exorcist,Horror-Mystery-Thriller,en,Father Gabriele Amorth Chief Exorcist of the Vatican investigates a young boy's terrifying possession and ends up uncovering a centuries-old conspiracy the Vatican has desperately tried to keep hidden.,5953.227,Screen Gems-2.0 Entertainment-Jesus & Mary-Worldwide Katz-Loyola Productions-FFILME.RO,2023-04-05,18000000.0,65675816.0,103.0,Released,"Inspired by the actual files of Father Gabriele Amorth, Chief Exorcist of the Vatican.",7.433,545.0,Russell Crowe-Daniel Zovatto-Alex Essoe-Franco Nero-Peter DeSouza-Feighoney-Laurel Marsden-Cornell John-Ryan O'Grady-Bianca Bardoe-Santi Bayón-Paloma Bloyd-Alessandro Gruttadauria-River Hawkins-Jordi Collet-Carrie Munro-Marc Velasco-Edward Harper-Jones-Matthew Sim-Victor Solé-Tom Bonington-Andrea Dugoni-Ed White-Laila Barwick-Gennaro Diana-Pablo Raybould-Ralph Ineson-Derek Carroll-Ella Cannon,spain-rome italy-vatican-pope-pig-possession-conspiracy-devil-exorcist-skepticism-catholic priest-1980s-supernatural horror,/9JBEPLTPSm0d1mbEcLxULjJq9Eh.jpg,/hiHGRbyTcbZoLsYYkO4QiCLYe34.jpg,713704-296271-502356-1076605-1084225-1008005-916224-1023313-1033219-980078-842945-943822-816904-804150-638974-649609-603692-849869-809787-776835-1104040
667538,Transformers: Rise of the Beasts,Action-Adventure-Science Fiction,en,When a new threat capable of destroying the entire planet emerges Optimus Prime and the Autobots must team up with a powerful faction known as the Maximals. With the fate of humanity hanging in the balance humans Noah and Elena will do whatever it takes to help the Transformers as they engage in the ultimate battle to save Earth.,5409.104,Skydance-Paramount-di Bonaventura Pictures-Bay Films-New Republic Pictures-Tom DeSanto/Don Murphy Production-Hasbro,2023-06-06,200000000.0,407045464.0,127.0,Released,Unite or fall.,7.34,1007.0,Anthony Ramos-Dominique Fishback-Luna Lauren Velez-Dean Scott Vazquez-Tobe Nwigwe-Sarah Stiles-Leni Parker-Frank Marrs-Aidan Devine-Kerwin Jackson-Mike Chute-Tyler Hall-Sean Tucker-Jay Farrar-Lucas Huarancca-Amiel Cayo-Santusa Cutipa-Yesenia Inquillay-Sumac T'Ika-Josue Sallo-Mellissa Alvarez-Gloria Cusi-Michael Kelly-Jason D. Avalos-Lesley Stahl-Peter Cullen-Ron Perlman-Peter Dinklage-Michelle Yeoh-Pete Davidson-Liza Koshy-John DiMaggio-David Sobolov-Michaela Jaé Rodriguez-Colman Domingo-Cristo Fernández-Tongayi Chirisa-Luke Jones,peru-alien-end of the world-based on cartoon-based on toy-robot-duringcreditsstinger-1990s-brother brother relationship,/gPbM0MK8CP8A174rmUwGsADNYKD.jpg,/woJbg7ZqidhpvqFGGMRhWQNoxwa.jpg,496450-569094-298618-385687-877100-598331-462883-979296-536437-532408-976573-447277-697843-603692-763261-9281-886563-324857-129120-980372-412117
640146,Ant-Man and the Wasp: Quantumania,Action-Adventure-Science Fiction,en,Super-Hero partners Scott Lang and Hope van Dyne along with with Hope's parents Janet van Dyne and Hank Pym and Scott's daughter Cassie Lang find themselves exploring the Quantum Realm interacting with strange new creatures and embarking on an adventure that will push them beyond the limits of what they thought possible.,4425.387,Marvel Studios-Kevin Feige Productions,2023-02-15,200000000.0,475766228.0,125.0,Released,Witness the beginning of a new dynasty.,6.507,2811.0,Paul Rudd-Evangeline Lilly-Jonathan Majors-Kathryn Newton-Michelle Pfeiffer-Michael Douglas-Corey Stoll-Bill Murray-William Jackson Harper-David Dastmalchian-Jamie Andrew Cutler-Katy O'Brian-Mark Weinman-Randall Park-Ross Mullan-Tom Clark-Leon Cooke-Nathan Blees-Durassie Kiangangu-Liran Nathan-Sam Symons-Grahame Fox-Nicola Peluso-Harrison Daniels-Brahmdeo Shannon Ramana-Russell Balogh-Leonardo Taiwo-Osian Roberts-Lucas Gerstel-Mia Gerstel-Tracy Jeffrey-Dinah Jeffrey-Judy Jeffrey-John Nayagam-Greta Nayagam-Cathy Chan-Adam Sai-Jamie Sai-Jakari Fraser-Patricia Belcher-Mark Oliver Everett-Ruben Rabasa-Melanie Garcia-Gregg Turkington-Sierra Katow-Ryan Bergara-Marielle Scott-Jake Millgard-Dey Young-Briza Covarrubias-Tess Aubert-David J. Castillo-Sir Cornwell-Alan Heitz-Esther McAuley-Aisling Maria Andreica-Milton Lopes-Roger Craig Smith-Matthew Wood-Loveday Smith-John Townsend-Tom Hiddleston-Owen Wilson-Abby Ryder Fortson,hero-ant-sequel-superhero-based on comic-family-superhero team-aftercreditsstinger-duringcreditsstinger-marvel cinematic universe (mcu),/qnqGbB22YJ7dSs4o6M7exTpNxPz.jpg,/m8JTwHFwX7I7JY5fPe4SjqejWag.jpg,823999-676841-868759-734048-267805-965839-1033219-1035806-946310-811948-842942-772515-1058949-1105283-938992-1077280-76600-677179-802401-461191-980078
677179,Creed III,Drama-Action,en,After dominating the boxing world Adonis Creed has been thriving in both his career and family life. When a childhood friend and former boxing prodigy Damien Anderson resurfaces after serving a long sentence in prison he is eager to prove that he deserves his shot in the ring. The face-off between former friends is more than just a fight. To settle the score Adonis must put his future on the line to battle Damien — a fighter who has nothing to lose.,3994.342,Metro-Goldwyn-Mayer-Proximity Media-Balboa Productions-Outlier Society Productions-Chartoff-Winkler Productions,2023-03-01,75000000.0,269000000.0,116.0,Released,You can't run from your past.,7.262,1129.0,Michael B. Jordan-Tessa Thompson-Jonathan Majors-Wood Harris-Phylicia Rashād-Mila Davis-Kent-José Benavidez Jr.-Selenis Leyva-Florian Munteanu-Thaddeus J. Mixson-Spence Moore II-Tony Bellew-Patrice Harris-Ann Najjar-Jacob 'Stitch' Duran-Terence Crawford-Bobby Hernandez-Yahya McClain-Lamont Lankford-Corey Calliet-Kenny Bayless-Todd Grisham-Jessica McCaskill-Maya Page-Jimmy Lennon Jr.-Russell Mora-Al Bernstein-Mauro Ranallo-Brianna Valeria Gonzalez Vazquez-Shayra Medal-Kimberly Dawn Davis-David Diamante-Tony Weeks-Chris Mannix-Andreia Gibau-Soraya Yd-Stephen A. Smith-Barry Pepper-Jessica Holmes-Canelo Álvarez-Fernanda Gomez-Kehlani-Jeremy Lee Stone-Aaron D. Alexander-Brian Neal-Corey Hibbert-James Harden-Jove Edmond-Engle Files-Michael A. Jordan-Natasha Ofili-Rose Eshay-Alan Boell-Eli Joshua Adé-Butch Locsin-Stefni Valencia-Bella Dee-Anastasia Wilson-Beth Scherr-Michelle Davidson-Leah Haile-Teófimo López-Pete Penuel,philadelphia pennsylvania-husband wife relationship-deaf-sports-sequel-orphan-former best friend-ex-con-childhood friends-juvenile detention center-boxing-prodigy,/cvsXj3I9Q2iyyIo95AecSd1tad7.jpg,/5i6SjyDbDWqyun8klUuCxrlFbyw.jpg,965839-267805-943822-842942-1035806-823999-1077280-1058949-772515-937278-640146-758009-536554-1011679-315162-934433-785084-631842-82856-100088-436270
385687,Fast X,Action-Crime-Thriller,en,Over many missions and against impossible odds Dom Toretto and his family have outsmarted out-nerved and outdriven every foe in their path. Now they confront the most lethal opponent they've ever faced: A terrifying threat emerging from the shadows of the past who's fueled by blood revenge and who is determined to shatter this family and destroy everything—and everyone—that Dom loves forever.,3583.861,Universal Pictures-Original Film-One Race-Perfect Storm Entertainment,2023-05-17,340000000.0,704709660.0,142.0,Released,The end of the road begins.,7.275,3694.0,Vin Diesel-Michelle Rodriguez-Tyrese Gibson-Ludacris-John Cena-Nathalie Emmanuel-Jordana Brewster-Sung Kang-Jason Momoa-Scott Eastwood-Daniela Melchior-Alan Ritchson-Helen Mirren-Brie Larson-Jason Statham-Charlize Theron-Rita Moreno-Joaquim de Almeida-Leo A. Perry-Luis Da Silva Jr.-Jaz Hutchins-Luka Hays-Alexander Capon-Pete Davidson-Shadrach Agozino-Ludmilla-Miraj Grbić-Meadow Walker Thornton-Allan-Michael Irby-Shahir Figueira-Ben-Hur Santos-Debby Ryan-Josh Dun-Dwayne Johnson-Gal Gadot-Paul Walker-Ali Baddou,sequel-revenge-racing-family-cliffhanger-cars,/fiVW06jE7z9YnO4trhaMEdclSiC.jpg,/4XM8DUTQb3lhLemJC51Jx4a2EuA.jpg,19603-445954-781009-603692-697843-502356-298618-747355-1061181-569094-640146-447365-346698-121342-1076487-447277-325358-960033-667538-3-12354
614479,Insidious: The Red Door,Horror-Mystery-Thriller,en,To put their demons to rest once and for all Josh Lambert and a college-aged Dalton Lambert must go deeper into The Further than ever before facing their family's dark past and a host of new and more horrifying terrors that lurk behind the red door.,3512.648,Blumhouse Productions-Stage 6 Films-Screen Gems-Atomic Monster-Oren Peli Productions,2023-07-05,16000000.0,175582093.0,107.0,Released,It ends where it all began.,6.75,564.0,Ty Simpkins-Patrick Wilson-Sinclair Daniel-Rose Byrne-Lin Shaye-Hiam Abbass-Andrew Astor-Juliana Davies-Steve Coulter-Peter Dager-Joseph Bishara-Angus Sampson-Leigh Whannell-Justin Sturgis-David Call-Stephen Gray-Robin S. Walker-Bridget Kim-Logan Wilson-Kasjan Wilson-Mary Looram-Adrian Acosta-AJ Dyer-Kalin Wilson-E. Roger Mitchell-Dagmara Domińczyk-Tom Toland-Elaine Apruzzese-Suki Úna Rae-Desi Ramos-Victorya Danylko-Petrovskaya-Tom Fitzpatrick-Barbara Hershey,sequel-demon-franchise-insidious-supernatural horror-evil spirits-directorial debut-fifth part,/azTC5osYiqei1ofw6Z3GmUrxQbi.jpg,/i2GVEvltEu3BXn5crBSxgKuTaca.jpg,681435-644937-448085-980848-1101547-988355-561529-1084119-1070136-843275-147696-302252-847802-705862-699014-446106-13200-629524-621557-860964-647201
346698,Barbie,Comedy-Adventure-Fantasy,en,Barbie and Ken are having the time of their lives in the colorful and seemingly perfect world of Barbie Land. However when they get a chance to go to the real world they soon discover the joys and perils of living among humans.,3303.401,LuckyChap Entertainment-Heyday Films-NB/GG Pictures-Mattel,2023-07-19,145000000.0,1031481000.0,114.0,Released,She's everything. He's just Ken.,7.495,2406.0,Margot Robbie-Ryan Gosling-America Ferrera-Kate McKinnon-Ariana Greenblatt-Michael Cera-Will Ferrell-Issa Rae-Alexandra Shipp-Emma Mackey-Hari Nef-Helen Mirren-Rhea Perlman-Simu Liu-Kingsley Ben-Adir-Ncuti Gatwa-Connor Swindells-Emerald Fennell-Sharon Rooney-Ritu Arya-Ana Kayne-Nicola Coughlan-Lucy Boynton-Marisa Abela-Dua Lipa-John Cena-Scott Evans-Jamie Demetriou-Andrew Leung-Will Merrick-Zheng Xi Yong-Asim Chaudhry-Ray Fearon-Erica Ford-Hannah Khalique-Brown-Mette Towley-Rob Brydon-Tom Stourton-Chris Taylor-David Mumeni-Olivia Brody-Isla Ashworth-Eire Farrell-Daisy Duczmal-Genvieve Toussaint-Isabella Nightingale-Manuela Mora-Aida Sexton-Millie-Rose Crossley-Anvita Nehru-Kayla-Mai Alvares-Luke Mullen-Patrick Luwis-Mac Brandt-Paul Jurewicz-Oraldo Austin-Benjamin Arthur-Carlos Jacott-Adam Ray-George Basil-Ptolemy Slocum-Deb Hiett-James Leon-Oliver Vaquer-Tony Noto-Christopher T. Wood-Ann Roth-Annie Mumolo-Elise Gallup-McKenna Roberts-Brylee Hsu-Sasha Milstein-Lauren Holt-Sterling Jones-Ryan Piers Williams-Jamaal Lewis-Kathryn Akin-Grace Jabbari-Ira Mandela Siobhan-Lisa Spencer-Naomi Weijand-Tom Clark-Ireanne Abenoja-Davide Albonetti-Charlotte Anderson-Michael Anderson-Rico Bakker-James Bamford-William John Banks-Callum Bell-Adam Blaug-Mason Boyce-Taylor Bradshaw-Alex Brown-Miekaile Browne-Lewis Calcutt-Nikkita Chadha-Oliver Chapman-Megan Charles-Callum Clack-Danny Coburn-Kat Collings-Adam Crossley-Sia Dauda-Gustave Die-Grace Durkin-Joelle Dyson-Lewis Easter-Onyemachi Ejimofor-Cameron Everitt-Luke Field-Wright-Sasha Flesch-Adam Fogarty-Mikey French-Anna-Kay Gayle-Charlie Goddard-Marlie Goddard-Ellis Harman-Yasmin Harrison-Josh Hawkins-James Healy-Tim Hodges-Mira Jebari-Beccy Jones-Thomas Kalek-Lily Laight-Maiya Leeke-Cristian Liberti-Prodromos Marneros-Nahum McLean-Jordan Melchor-Ramzan Miah-Andy Monaghan-Florivaldo Mossi-Hannah Nazareth-Grant Neal-Freja Nicole-Shaun Niles-Ella Nonini-Jack William Parry-Josie Pocock-Barnaby Quarendon-Redmand Rance-Zara Richards-Liam Riddick-Alana Rixon-Adam Paul Robertson-Kingdom Sibanda-Sebastian Skov-Aaron J. Smith-Joshua Smith-Lucia-Rose Sokolowski-Janine Somcio-Callum Sterling-Todd Talbot-Charles Tatman-Grant Thresh-Connor Tidman-Wahchi Vong-Jerry Wan-Sasha Wareham-Stan West-Oliver Wheeler-Josh Wild-Joe Wolstenholme-Richard Womersley-Ashley Young-Alex Sturman,feminism-patriarchy-satire-based on toy-female protagonist-doll-fantasy world-motherhood-existentialism-woman director-mother daughter relationship,/iuFNMS8U5cb6xfzi51Dbkovj7vM.jpg,/nHf61UzkfFno5X1ofIhugCPus2R.jpg,
298618,The Flash,Action-Adventure-Science Fiction,en,When his attempt to save his family inadvertently alters the future Barry Allen becomes trapped in a reality in which General Zod has returned and there are no Super Heroes to turn to. In order to save the world that he is in and return to the future that he knows Barry's only hope is to race for his life. But will making the ultimate sacrifice be enough to reset the universe?,2768.382,Warner Bros. Pictures-Double Dream-The Disco Factory-DC Films,2023-06-13,190000000.0,268375616.0,144.0,Released,Worlds collide.,6.947,1979.0,Ezra Miller-Sasha Calle-Michael Keaton-Michael Shannon-Ron Livingston-Maribel Verdú-Kiersey Clemons-Antje Traue-Saoirse-Monica Jackson-Rudy Mancuso-Ed Wade-Jeremy Irons-Temuera Morrison-Sanjeev Bhaskar-Sean Rogers-Kieran Hodgson-Luke Brandon Field-Ian Loh-Karl Collins-Nikolaj Coster-Waldau-Poppy Shepherd-Nina Barker-Francis-Ava Hamada-Maurice Chung-Florence Wright-Bastian Antonio Fuentes-Andoni Gracia-Alex Hank-Miki Muschietti-Rebecca Hiller-Rob Hunt-Jonny Stockwell-Michael Byrch-Bret Jones-Sue Maund-Alex Batareanu-Andrei Nova-Gabriel Constantin-Oleg Mirochnikov-Katia Elizarova-Denis Khoroshko-Zsuzsa Magyar-Michael Lerman-Rosie Ede-Andy Muschietti-Ellie Rawnsley-Greg Lockett-Chelsea Leigh Macleod-Leslie Soo-Freya Evans-Sue Moore-Lynn Farleigh-Martin Pemberton-Sarah Lawn-David Calvitto-Ben Affleck-Gal Gadot-Nicolas Cage-George Clooney-Jason Momoa,secret identity-hero-superhero-based on comic-superhuman-super power-aftercreditsstinger-butterfly effect-dc extended universe (dceu)-superhuman abilities-loss of mother,/rktDFPbfHfUbArZ6OOOKsXcv0Bm.jpg,/yF1eOkaYvwiORauRCPWznV9xVvi.jpg,3556-667538-346698-114472-71915-872585-447277-459003-447365-385687-457332-569094-1083862-976573-697843-455476-1005364-1115710-335977-1076487
646389,Plane,Action-Adventure-Thriller,en,After a heroic job of successfully landing his storm-damaged aircraft in a war zone a fearless pilot finds himself between the agendas of multiple militias planning to take the plane and its passengers hostage.,2618.646,MadRiver Pictures-Di Bonaventura Pictures-G-BASE-Olive Hill Media-Riverstone Pictures,2023-01-12,25000000.0,51000000.0,107.0,Released,Survive together or die alone.,6.901,785.0,Gerard Butler-Mike Colter-Yoson An-Tony Goldwyn-Daniella Pineda-Paul Ben-Victor-Remi Adeleke-Joey Slotnick-Evan Dane Taylor-Claro de los Reyes-Kelly Gale-Haleigh Hekking-Lilly Krug-Oliver Trevena-Tara Westwood-Mark Labella-Quinn McPherson-Kate Rachesky-Amber Rivera-Otis Winston-Modesto Lacen-Jeff Francisco-Jeffrey Holsman-Ariel Felix-Rose Eshay-Jessica Nam-Thomas A. Curran-Ricky Robles Cruz-Matthew Valeña-Natalia Román García-Ángel Fabián Rivera-Heather Seiffert-Kate Bisset,pilot-airplane-philippines-held hostage-plane crash,/qi9r5xBgcc9KTxlOLjssEbDgO0J.jpg,/9Rq14Eyrf7Tu1xk0Pl7VcNbNh1n.jpg,505642-758769-864692-631842-1058949-925943-758009-315162-615777-707610-922830-1013870-536554-1035806-58087-996727
569094,Spider-Man: Across the Spider-Verse,Action-Adventure-Animation-Science Fiction,en,After reuniting with Gwen Stacy Brooklyn’s full-time friendly neighborhood Spider-Man is catapulted across the Multiverse where he encounters the Spider Society a team of Spider-People charged with protecting the Multiverse’s very existence. But when the heroes clash on how to handle a new threat Miles finds himself pitted against the other Spiders and must set out on his own to save those he loves most.,2550.738,Columbia Pictures-Sony Pictures Animation-Lord Miller-Pascal Pictures-Arad Productions,2023-05-31,100000000.0,512609552.0,140.0,Released,It's how you wear the mask that matters,8.64,1684.0,Shameik Moore-Hailee Steinfeld-Brian Tyree Henry-Luna Lauren Velez-Jake Johnson-Oscar Isaac-Jason Schwartzman-Issa Rae-Daniel Kaluuya-Karan Soni-Shea Whigham-Greta Lee-Mahershala Ali-Amandla Stenberg-Jharrel Jerome-Andy Samberg-Jack Quaid-Rachel Dratch-Ziggy Marley-Jorma Taccone-J.K. Simmons-Donald Glover-Elizabeth Perkins-Kathryn Hahn-Ayo Edebiri-Nicole Delaney-Antonina Lentini-Atsuko Okatsuka-Peter Sohn-Melissa Sturm-Lorraine Velez-Nic Novicki-Taran Killam-Metro Boomin-Josh Keaton-Sofia Barclay-Danielle Perez-Yuri Lowenthal-Rita Rani Ahuja-Ismail Bashey-Oscar Camacho-Freddy Ferrari-Kerry Gutierrez-Kamal Khan-Angelo Sekou Kouyate-Andrew Leviton-David Michie-Sumit Naig-Juan Pacheco-Chrystee Pharris-Ben Pronsky-Al Rodrigo-Jaswant Dev Shrestha-Libby Thomas Dickey-Ruth Zalduondo-Jasper Johannes Andrews-Gredel Berrios Calladine-Natalia Castellanos-Russell Tyre Francis-Deepti Gupta-Sohm Kapila-Pradnya Kuwadekar-Ashley London-Christopher Miller-Andrea Navedo-Lakshmi Patel-Jacqueline Pinol-Eliyas Qureshi-Lashana Rodriguez-Dennis Singletary-Amanda Troop-Sitara Attaie-Mayuri Bhandari-June Christopher-Michelle Jubilee Gonzalez-Marabina Jaimes-Rez Kempton-Lex Lang-Phil Lord-Richard Miro-Doug Nicholas-Shakira Ja'nai Paye-James Pirri-Marley Ralph-Michelle Ruff-Narender Sood-Cedric L. Williams-Kimberly Bailey-Sanjay Chandani-Melanie Duke-Jorge R. Gutierrez-Miguel Jiron-Deepti Kingra-Mickelsen-Luisa Leschin-Caitlin McKenna-Richard Andrew Morgado-Arthur Ortiz-Eliana A. Perez-Juan Pope-Mike Rianda-Stan Sellers-Warren Sroka-Jason Linere-White-Kimiko Glenn-Peggy Lu-John Mulaney-Andrew Garfield-Denis Leary-Tobey Maguire-Cliff Robertson-Alfred Molina-Post Malone,sacrifice-villain-comic book-sequel-superhero-based on comic-alternate dimension-alternate version-super power-brooklyn new york city-superhero team-spider bite-super villain-cliffhanger-teen superhero-alternate universe-female superhero-cartoon spider,/8Vt6mWEReuy4Of61Lnj5Xj704m8.jpg,/4HodYYKEIsGOdinkGi2Ucz6X9i0.jpg,496450-667538-385687-603692-298618-447277-976573-598331-324857-447365-462883-536437-979296-313369-537210-1106591-532408-502356-1140706-820707-462376
934433,Scream VI,Horror-Mystery-Thriller,en,Following the latest Ghostface killings the four survivors leave Woodsboro behind and start a fresh chapter.,2472.802,Radio Silence-Project X Entertainment-Spyglass Media Group-Paramount,2023-03-08,35000000.0,168541093.0,123.0,Released,New York. New rules.,7.4,1007.0,Melissa Barrera-Jenna Ortega-Jasmin Savoy Brown-Mason Gooding-Roger Jackson-Courteney Cox-Dermot Mulroney-Jack Champion-Josh Segarra-Liana Liberato-Devyn Nekoda-Hayden Panettiere-Skeet Ulrich-Tony Revolori-Samara Weaving-Matthew Giuffrida-Andre Anthony-Henry Czerny-Thomas Cadrot-Barry Morgan-Chanel Mings-Erika Prevost-Jesse Camacho-Jenna Wheeler-Hughes-Mizinga Mwinga-André Bédard-Céleste Dubé-Eric Davis-Lydia Zadel-Elizabeth Neale-Justin Johnson-Stephane Ishmael-Max Laferriere-Jack Quaid-Jason Cavalier-Thom Newell-Tim Robinson-Akiva Schaffer,new york city-mask-trauma-halloween-college-fake identity-sequel-revenge-public murder-murder-gore-serial killer-conspiracy theory-social commentary-police corruption-slasher-whodunit-multiple stabbings-brutality-killing spree-self-referential-crime spree-aftercreditsstinger-sisterhood-movie fan-copycat killer-masked villain-stabbed to death-sister sister relationship-fbi agent-post credit scene-masked killer,/wDWwtvkRRlgTiUr6TyLSMX8FCuZ.jpg,/44immBwzhDVyjn87b3x3l9mlhAD.jpg,646385-804150-677179-631842-943822-824742-976293-700391-868759-640146-41446-842942-603692-4233-1094494-355329-218720-4234-82937-124788-98124
956101,The Eighth Clause,Thriller,la,Kat and Borja appear to be a perfect couple but as in every marriage they keep secrets lies and infidelities that will come to light the night an unexpected visitor arrives.,2259.303,SDB Films-El Hombre Orquesta,2022-04-29,0.0,0.0,0.0,Released,,4.6,10.0,Maite Perroni-Manuel Vega-Óscar Jaenada-Jessica Coch-Paulina Dávila-Christian Meier-Michel Duval-Mario Tardón,,/8tc8eMFAX2SDC1TRu987qFQy8Cl.jpg,/kLnqNE9Af5QHyvUxw8cDGhF1ilv.jpg,
447277,The Little Mermaid,Adventure-Family-Fantasy-Romance,en,The youngest of King Triton’s daughters and the most defiant Ariel longs to find out more about the world beyond the sea and while visiting the surface falls for the dashing Prince Eric. With mermaids forbidden to interact with humans Ariel makes a deal with the evil sea witch Ursula which gives her a chance to experience life on land but ultimately places her life – and her father’s crown – in jeopardy.,2118.742,Walt Disney Pictures-Lucamar Productions-Marc Platt Productions,2023-05-18,250000000.0,0.0,135.0,Released,"Watch and you'll see, some day I'll be, part of your world!",5.957,220.0,Halle Bailey-Jonah Hauer-King-Daveed Diggs-Awkwafina-Jacob Tremblay-Noma Dumezweni-Javier Bardem-Melissa McCarthy-Art Malik-Jessica Alexander-Emily Coates-Jude Akuwudike-Russell Balogh-Adrian Christopher-Simone Ashley-Martina Laird-John Dagleish-Sienna King-Karolina Conchet-Craig Stein-Lorena Andrea-Kajsa Mohammar-Nathalie Sorrell-Jodi Benson-Christopher Fairbank,musical-mermaid-based on fairy tale-live action remake,/ym1dxyOk4jFcSl4Q2zmRrA5BEEN.jpg,/hJoMSAltRx5xvlAXvKyDdugjucJ.jpg,420808-798286-447365-493529-502356-594767-640146-283995
594767,Shazam! Fury of the Gods,Action-Comedy-Fantasy-Adventure,en,"Billy Batson and his foster siblings who transform into superheroes by saying ""Shazam!"" are forced to get back into action and fight the Daughters of Atlas who they must stop from using a weapon that could destroy the world.",2010.98,New Line Cinema-The Safran Company-DC Films,2023-03-15,125000000.0,133437105.0,130.0,Released,Oh. My. Gods.,6.781,1602.0,Zachary Levi-Asher Angel-Jack Dylan Grazer-Rachel Zegler-Adam Brody-Ross Butler-D.J. Cotrona-Grace Caroline Currey-Meagan Good-Lucy Liu-Djimon Hounsou-Helen Mirren-Faithe Herman-Ian Chen-Jovan Armand-Marta Milans-Cooper Andrews-Rizwan Manji-P.J. Byrne-Diedrich Bader-David Lengel-Rick Andosca-Erica Frene-Lotta Losten-Natalia Safran-Hillary Harley-Lou Lou Safran-Tara Jones-Edward Force-Milli M.-Carson MacCormac-Evan Marsh-Taylor Cahill-Sebrena Sumrah-Kelly-Wolf Blitzer-Michael Beasley-Robert Walker Branchaud-Jessica Fontaine-Aaliyah Luu-Bonnie Discepolo-Michael Gray-F. Douglas Hall II-Patrick Reidy-Kelvin Hodge-Chloe Camp-Gal Gadot-Jennifer Holland-Steve Agee-David F. Sandberg-Mark Strong,superhero-end of the world-super power-aftercreditsstinger-duringcreditsstinger-dc extended universe (dceu)-teenager,/A3ZbZsmsvNGdprRi2lKgGEeVLEH.jpg,/nDxJJyA5giRhXx96q1sWbOUjMBI.jpg,868759-994751-700391-948713-502356-938992-76600-943822-640146-850297-638974-36290-981397-790228-1018658-677179-315162-603692-739405-736790-684524
455476,Knights of the Zodiac,Fantasy-Action-Adventure,en,When a headstrong street orphan Seiya in search of his abducted sister unwittingly taps into hidden powers he discovers he might be the only person alive who can protect a reincarnated goddess sent to watch over humanity. Can he let his past go and embrace his destiny to become a Knight of the Zodiac?,1882.774,Stage 6 Films-Toei Animation,2023-04-27,60000000.0,6794519.0,113.0,Released,Go beyond your destiny.,6.561,471.0,Mackenyu-Madison Iseman-Diego Tinoco-Mark Dacascos-Nick Stahl-Famke Janssen-Sean Bean-Caitlin M Hutson-Katie Moy-Kaylan Teague-Ryusei Iwata-T.J. Storm-David Torok-Todd Williams-Zoltán Durkó,superhero-based on manga-live action anime,/tBiUXvCqz34GDeuY7jK14QQdtat.jpg,/oqP1qEZccq5AD9TVTIaO6IGUj7o.jpg,1084244-420808-931954-421892-983768-1037644-868985-747355-385687-447365-997776-727340-849869-876969-985103-934433-942199-502356-594767
968051,The Nun II,Horror-Mystery-Thriller,en,1956 – France. A priest is murdered. An evil is spreading. The sequel to the worldwide smash hit follows Sister Irene as she once again comes face-to-face with Valak the demon nun.,1812.129,New Line Cinema-Atomic Monster-The Safran Company,2023-09-06,0.0,0.0,110.0,Released,The greatest evil in the Conjuring universe.,7.046,65.0,Taissa Farmiga-Jonas Bloquet-Storm Reid-Anna Popplewell-Bonnie Aarons-Katelyn Rose Downey-Suzanne Bertish-Léontine d'Oncieu-Anouk Darwin Homewood-Peter Hudson-Tamar Baruch-Natalia Safran-Maxime Elias-Menet-Pascal Aubert-Alexandra Gentil-Florence Mestais-Margaux Borel-Viviana Moin-Renata Palminiello-Fulvia Patrizia Olivieri-Camille Amiel-Margot Morris-Gaël Raës-Sarah Pachoud-Lieve Carchon-David Horovitch-Paul Spera-Kate Colebrook-Margot Bernazzi-Grégory Di Meglio-Delcho Koprivshki-Philippe Josserand-Aaron-Jon North-Andrew Morgado-Patrick Wilson-Vera Farmiga,sequel-religion-praying-demonic,/5gzzkR7y3hnY8AD1wXjCnVlHba5.jpg,/53z2fXEKfnNg2uSOPss2unPBGX1.jpg,
965839,Lord of the Streets,Action,en,When Jason Dyson refuses to make his prized fighter throw an MMA match a notorious gangster collects his debt by killing the fighter and kidnapping Jason's daughter. Now he must train a prisoner to endure five consecutive underground fights to save her.,1691.825,Mutiny Films,2022-04-22,1000000.0,0.0,85.0,Released,,4.9,29.0,Treach-Quinton Jackson-Khalil Rountree Jr.-Anderson Silva-Richard Grieco-A.J. McKee-Gigi Gustin-Meredith Thomas-Ashley Doris-Frankie Cullen-Rigan Machado-Michelle Ng-Sean Berube-Hana Giraldo-Jesse O'Neill-Derek Ocampo-Michael Gier-Jarrid Masse-Ted Sterner-Keith Sutliff-Edward Stasik-Niki J. Crawford-C.J. Gibson-Joseph W. Evans-Ryan Gangl-Charlit Dae-Ayhan Tongadur-Jubal Ace Kohn-Leigh Pollitt-Daniel L. Rivera-Dom Poniac-Angelo Baxter-Ty Lewis-Fatih Ugurlu-Chanda Am-Jacques Mordoki-Ed Nathan Mecate-Mike Joslin-Eric Shanker-Sonni Blak-Andres Castillo,,/n9YWVQRc0zw0nwrFcOkOpffZxjc.jpg,/g8Yytnby0hIPft5l56mgJtZyR1k.jpg,982467
772515,Huesera: The Bone Woman,Drama-Horror-Mystery,es,Valeria's joy at becoming a first-time mother is quickly taken away when she's cursed by a sinister entity. As danger closes in she's forced deeper into a chilling world of dark magic that threatens to consume her.,1436.445,Disruptiva Films-Machete Producciones-Maligno Gorehouse-Terminal,2023-02-10,0.0,0.0,93.0,Released,,6.58,75.0,Natalia Solián-Alfonso Dosal-Mayra Batalla-Mercedes Hernández-Aida López-Martha Claudia Moreno-Enoc Leaño-Pablo Guisa Koestinger-Sonia Couoh-Samantha Castillo-Anahí Allue-Gabriela Velarde,pregnant woman-woman director,/7NhG3NClQ1xrc3kEwTiwFht5Y3L.jpg,/A2avUoNFstnBhAnHiogXQs4c9Bt.jpg,327593-631842-508108-1058949-988233-746524-646389-580333-210498-508232-627384-434559-960519-850028-1020306-1003580-599019-1004682-505642-667216-287826
619930,Narvik,War-Drama-History-Action,no,April 1940. The eyes of the world are on Narvik a small town in northern Norway a source of the iron ore needed for Hitler's war machine. Through two months of fierce winter warfare the German leader is dealt with his first defeat.,1383.465,Nordisk Film Norway,2022-12-25,8000000.0,0.0,108.0,Released,Hitler's First Defeat,7.0,195.0,Kristine Cornelie M. Hartgen-Carl Martin Eggesbø-Christoph Gelfert Mathiesen-Henrik Mestad-Mathilde Holtedahl Cuhra-Stig Henrik Hoff-Kari Bremnes-Christoph Bach-Billy Campbell-Holger Handtke-Magnus Dugdale-Edvard Lie Aalstad-Øyvind Trøite-Torfinn Nag-Isak Bakli Aglen-Emil Johnsen-Ole Christopher Holth-Phénix Brossard-Carsten Brocker-Johannes Kurt Schultz-Benjamin Noble-Øyvind Mørk-Leif Arno Hofheinz-Niels Lian Mildes-Gøran Lian Mildes-Bjørn Iversen-Anders Wang-Tom Espen Pedersen-Roy Boquist Hestdahl-Jørn Magnus Karlsen-Lars Oddmund Sandvik-Morten Skillingstad Larsen-Jon Egil Ramslie-Dennis Vareide,winter-world war ii-based on true story-bombing-young girl,/gU4mmINWUF294Wzi8mqRvi6peMe.jpg,/ogFIG0fNXEYRQKrpnoRJcXQNX9n.jpg,458737-800815-414268-843794-606154-619687-747687-113936-463387-4550-372782-26610-872954-660120-2756-961484-36955-320-134-570670-1572
868759,Ghosted,Romance-Action-Comedy,en,Salt-of-the-earth Cole falls head over heels for enigmatic Sadie — but then makes the shocking discovery that she’s a secret agent. Before they can decide on a second date Cole and Sadie are swept away on an international adventure to save the world.,1214.867,Skydance Media-Apple Studios,2023-04-18,0.0,0.0,120.0,Released,Finding that special someone can be a real adventure.,7.272,425.0,Chris Evans-Ana de Armas-Adrien Brody-Mike Moh-Tate Donovan-Amy Sedaris-Lizze Broadway-Mustafa Shakir-Anthony Mackie-John Cho-Sebastian Stan-Ryan Reynolds-Anna Deavere Smith-Tim Blake Nelson-Tiya Sircar-Stephen Park-Humza Shabazz-Burn Gorman-Marwan Kenzari-Israel Vaughan-Victoria Garcia-Kelleher-Jordan Blair Mangold Brown-Zane Shaw-Stephanie Weis-Dexter Fletcher,secret agent,/liLN69YgoovHVgmlHJ876PKi5Yi.jpg,/b9UCfDzwiWw7mIFsIQR9ZJUeh7q.jpg,640146-726759
823999,Diabolik - Ginko all'attacco!,Crime-Action,it,Diabolik nearly gets caught in Inspector Ginko's latest trap leaving his partner in crime Eva Kant behind in the escape. Furious Eva offers Ginko her help in capturing the King of Terror but the former has to face the return of an old flame of his: Altea Duchess of Vallenberg.,1164.949,Mompracem-Astorina S.A.C.-Emilia-Romagna Film Commission-RAI Cinema,2022-11-17,0.0,0.0,111.0,Released,,5.7,79.0,Giacomo Gianniotti-Miriam Leone-Valerio Mastandrea-Monica Bellucci-Alessio Lapice-Linda Caridi-Pier Giorgio Bellocchio-Ester Pantano-Andrea Roncato-Amanda Campana-Urbano Barberini-Giacomo Giorgio-Simone Leonardi-Pierangelo Menci-Marco Bonadei-G-Max-Gustavo Frigerio-Diodato,comic book-master thief-based on comic-gentleman thief-woman scorned-blast from the past-diabolik,/8QVbWBv94BAT9u1q9uJccwOxMzt.jpg,/xnAi4BRoO3ZQ3wwxGn6UNoxQzDq.jpg,565413-615666-774752-505642-848483-791177-593395-347626-693349-829280-842934-306523-593643-758330-196-661374-804095-11660-823766-766475-106646
697843,Extraction 2,Action-Thriller,en,Tasked with extracting a family who is at the mercy of a Georgian gangster Tyler Rake infiltrates one of the world's deadliest prisons in order to save them. But when the extraction gets hot and the gangster dies in the heat of battle his equally ruthless brother tracks down Rake and his team to Vienna in order to get revenge.,1157.774,AGBO-Filmhaus Films,2023-06-09,0.0,0.0,123.0,Released,Prepare for the ride of your life.,7.616,1198.0,Chris Hemsworth-Golshifteh Farahani-Adam Bessa-Tornike Gogrichiani-Tornike Bziava-Tinatin Dalakishvili-Andro Japaridze-Justin Howell-Idris Elba-Olga Kurylenko-Sinéad Phelps-Patrick Newall-Daniel Bernhardt-Levan Saginashvili-George Lasha-Sam Hargrave-Miriam Kovziashvili-Marta Kovziashvili-Demetre Kavelashvili-Giga Shavadze-Dato Bakhtadze-Davit Chogovadze-Irakli Kvirikadze-Paul Maynard-Héctor Andreu-Tite Komakhidze,mercenary-sequel-rescue mission-long take-based on graphic novel,/7gKI9hpEMcZUQpNgKrkDzJpbnNS.jpg,/wRxLAw4l17LqiFcPLkobriPTZAw.jpg,445954-385687-298618-640146-717930-1128382-1084028-1119173-545609-667538-1031778-986070-1010581-1121156-1138635-155820-1014390-938553-1119087-717082-759297
758009,Shotgun Wedding,Action-Romance-Comedy,en,Darcy and Tom gather their families for the ultimate destination wedding but when the entire party is taken hostage “’Til Death Do Us Part” takes on a whole new meaning in this hilarious adrenaline-fueled adventure as Darcy and Tom must save their loved ones—if they don’t kill each other first.,1043.225,Lionsgate-Mandeville Films-Nuyorican Productions-Maximum Effort,2022-12-28,0.0,4495365.0,101.0,Released,Save the day.,6.334,618.0,Jennifer Lopez-Josh Duhamel-Jennifer Coolidge-Sônia Braga-Lenny Kravitz-D'Arcy Carden-Cheech Marin-Selena Tan-Desmin Borges-Pancho Cardena-Alex Mallari Jr.-Callie Hernandez-Steve Coulter-Ramin Razmjoo-Tharoth Sam-Worapojd Thautanon-Zachary Wood-Vladimir Acevedo-Powpong Kopholrat-Héctor Aníbal-Asia Munma-Ray Raymundo-Iana Ramirez,wedding-hostage situation,/t79ozwWnwekO0ADIzsFP1E5SkvR.jpg,/zGoZB4CboMzY1z4G3nU6BWnMDB2.jpg,702432-1064489-1013870-953734-805307-753965-848466-892153-996727-846433-842544-505642-536554-1035806-646389-879513-1024853-1025169-542196-653851-866413
575264,Mission: Impossible - Dead Reckoning Part One,Action-Adventure-Thriller,en,Ethan Hunt and his IMF team embark on their most dangerous mission yet: To track down a terrifying new weapon that threatens all of humanity before it falls into the wrong hands. With control of the future and the world's fate at stake and dark forces from Ethan's past closing in a deadly race around the globe begins. Confronted by a mysterious all-powerful enemy Ethan must consider that nothing can matter more than his mission—not even the lives of those he cares about most.,978.246,Paramount-Skydance-TC Productions,2023-07-08,290000000.0,0.0,163.0,Released,We all share the same fate.,8.012,285.0,Tom Cruise-Hayley Atwell-Ving Rhames-Simon Pegg-Rebecca Ferguson-Vanessa Kirby-Henry Czerny-Esai Morales-Pom Klementieff-Cary Elwes-Shea Whigham-Mariela Garriga-Greg Tarzan Davis-Charles Parnell-Rob Delaney-Indira Varma-Mark Gatiss-Frederick Schmidt-Jean Kartal-Marcello Walton-Brian Law-Lincoln Conway-Alex James-Phelps-Marcin Dorociński-Ivan Ivashkin-Zahari Baharov-Adrian Bouchet-Sam Barrett-Louis Vaughan-Os Leanse-Luke Smith-Nikolaos Brahimllari-Matt Malecki-Damian Rozanek-Ioachim Ciobanu-Antonio Bustorff-Michael Kosterin-Sergej Lopouchanski-Robert Luckay-Jadran Malkovich-Mikhail Safronov-Christopher Sciueref-Andrea Scarduzio-Barnaby Kay-Gloria Obianyo-Alex Brock-Kaye Dinauto-Dana Blacklake-Arevinth V Sarma-Doroteya Toleva-Lucia Tong-Hersha Verity-Yennis Cheung-Laura Vortler-Faycal Attougui-Gaetano Bruno-Marco Sincini-Evita Ciri-Melissa Anna Bartolini-John Akanmu-Marco Lascari-Simon Rizzoni-Nicolas Wang-Lee Bridgman-Daniella Carraturo-Katie Collins-Joanna Dyce-Taylor Goodridge-Jessica Holland-Philip Hulford-Grace Jabbari-Ira Mandela Siobhan-Nicholas Tredrea-Megan Westpfel-Marc Wesley DeHaney-Rocky Taylor,rome italy-norway-chase-secret agent-sequel-based on tv series,/NNxYkU70HPurnNCSiCjYAmacwm.jpg,/628Dep6AxEtDxjZoGP78TsOxYbK.jpg,
32516,The Forbidden Legend: Sex & Chopsticks 2,Comedy-Drama-Romance,cn,Rich and powerful Simon Qing has been schooled in the ways of sex by his virile father but is still a virgin. That is until he meets his first love Violetta who has fun with him all over his father’s estate. Their love does not last so Simon embarks on a journey. Along the way he meets the comely nun Moon whom Simon deflowers and then marries. He then becomes enamored of Golden Lotus but she is married to dwarf Wu Da-Lang.,974.088,Universal Media Studios-Twin Co. Ltd.-My Way Film Company,2009-03-04,0.0,0.0,93.0,Released,,6.0,63.0,Wai Kin Lam-Serina Hayakawa-Kaera Uehara-Winnie Leung-Hikaru Wakana-Lee Kin-Yan-Tam Kon-Chung-Samuel Leung Cheuk-Moon-Frankie Ng,sexual humor-adult,/A1yymig7S0FTWv9cTtOwdI1cH5V.jpg,/ql4PnvKYKaMtdx9Ck4fHY2wJphT.jpg,985103-740952-599019-1011679-943822-987750-1027159-554447-267805-811948-67308-33518-1030419-754452-837925-965839-792775-798544-876792-315162-1067282
447365,Guardians of the Galaxy Vol. 3,Action-Science Fiction-Adventure,en,Peter Quill still reeling from the loss of Gamora must rally his team around him to defend the universe along with protecting one of their own. A mission that if not completed successfully could quite possibly lead to the end of the Guardians as we know them.,965.585,Marvel Studios-Kevin Feige Productions,2023-05-03,250000000.0,831801000.0,150.0,Released,Once more with feeling.,8.053,2139.0,Chris Pratt-Zoe Saldaña-Dave Bautista-Karen Gillan-Pom Klementieff-Vin Diesel-Bradley Cooper-Sean Gunn-Chukwudi Iwuji-Will Poulter-Maria Bakalova-Elizabeth Debicki-Sylvester Stallone-Austin Freeman-Stephen Blackehart-Terence Rosemore-Sarah Alami-Jasmine Sunshine Munoz-Giovannie Cruz-Nico Santos-Miriam Shor-Noa Raskin-Linda Cardellini-Asim Chaudhry-Mikaela Hoover-Judy Greer-Reinaldo Faberlle-Tara Strong-Jared Leland Gore-Michael Rosenbaum-Elan Gale-Molly C. Quinn-Gerardo Davila-Dee Bradley Baker-Hanna Pak-Jennifer Holland-Nathan Fillion-Kyle Mclean-Benjamin Byron Davis-Tiffany Smith-Joe Daru-Daniela Melchior-Jonathan Mercedes-Jonathan Fritschi-Diego Ward-Max Bickelhaup-Brandon Morales-Renae Moneymaker-Alexis Hadesty-Tara Warren-Candi VandiZandi-Grecia Balboa-Caleb Spillyards-Darla Delgado-Michelle Civile-Ken Lyle-Elodie Clarke-John William Wright-Autumn Griffin-Skylar Huntley-Randy Havens-Dane DiLiegro-Kai Zen-Sarah Anne-Yael Ocasio-Adelynn Spoon-Henry Heffernan-Brooklyn Skye Oliver-Scarlett Blum-Baby Dro-Emery Grilliot-Amelia Waters-Lloyd Kaufman-Christopher Fairbank-Rhett Miller-Natalia Safran-Murphy Weed-Michael Rooker-James Gunn-Jessica Fontaine-Karen Abercrombie-Gregg Henry-Adriana Leonard-Bonnie Discepolo-Clare Grant-Grace Gunn-Will Gunn-Seth Green-Pete Davidson,hero-sequel-superhero-based on comic-mad scientist-superhero team-space opera-raccoon-aftercreditsstinger-duringcreditsstinger-marvel cinematic universe (mcu)-cosmic-outer space-chosen family,/r2J02Z2OpNTctfOSN1Ydgii51I3.jpg,/5YZbUmjbMa3ClvSW1Wj3D6XGolb.jpg,493529-640146-502356-385687-420808-713704-603692-552688-31806-758323-594767-1053651-868759-840326-569094-1037644-964980-868985-798286-747355-916224
842544,Transfusion,Crime-Thriller-Drama,en,Ryan Logan a former Special Forces operative is battling to cope with life after the loss of his wife.  He is thrusted into the criminal underworld to keep his only son from being taken from him.,926.142,Deeper Water Films-Madman Entertainment-Altitude Media,2023-01-05,0.0,0.0,105.0,Released,Blood is blood.,6.602,127.0,Sam Worthington-Matt Nable-Phoebe Tonkin-Edward Carmody-Susie Porter-Jeremy Lindsay Taylor-Sam Parsonson-Sam Cotton-George Houvardas-Damien Strouthos-Brad McMurray-Julian Maroun-Alex Malone-Trystan Go-Alison McGirr-Darius Williams-Mike Duncan-Gilbert Bradman-Rachel Biazzo-Ethan Puse-Christopher Stollery-Damian de Montemas-Jessica Napier-Aaron Nable,loss of loved one-criminal underworld-special forces-coping mechanisms,/bxh5xCCW9Ynfg6EZJWUkc1zqTnr.jpg,/a4I481szRmycyreQTLrRe4f4YJe.jpg,872954-342061-996727-843794-933939-897155-1052820-1072696-873095-1022266-717133-589764-736771-608236-853606-1020975-1037644-959069-934601-897839-983526
511617,Berlin Drifters,Drama,ja,"Kôichi is a Japanese man living alone in Berlin. He has no job and hardly any friends. One night Kôichi meets Ryota at a bar which is also a sex club. Ryota came to Berlin to visit a German guy whom he had ""met"" on a dating app. His high hopes for romance (and marriage?) were quickly crushed since the German was only interested in sex not even letting Ryota stay for the night. That is why Ryota ended up spending the night in the dark room of the sex club. Kôichi for some reason lets Ryota stay at his apartment. They have sex. Ryota goes out almost everyday to get laid by various local men and comes home to Kôichi's. Increasingly caught up with a strange feeling that is akin to but not quite frustration or curiosity (needless to say it is not even close to love) Kôichi gradually gives himself up to sex with Ryota.",918.173,Jürgen Brüning Filmproduktion-Habakari Cinema,2017-09-10,0.0,0.0,123.0,Released,,5.0,9.0,Lyota Majima-Kôichi Imaizumi-Mioo Satô-Michael Selvaggio-Claude Kolz-Toby Ashraf-Christian Slaughter-Lupus-Bishop Black-Florian Hagen-Wieland Speck-Jürgen Brüning-Mitsuaki Kishida-Mischka Kral-Ikkô Masuda-Jochen Werner,gay erotica,/aH0yHU915NibzznpB2Zks2c6Z9O.jpg,/8oBSFGFaHp2MtTMeuWZ2ugmx28m.jpg,
420808,Peter Pan & Wendy,Family-Fantasy-Action-Adventure,en,Wendy Darling a young girl afraid to leave her childhood home behind meets Peter Pan a boy who refuses to grow up. Alongside her brothers and a tiny fairy Tinker Bell she travels with Peter to the magical world of Neverland. There she encounters an evil pirate captain Captain Hook and embarks on a thrilling adventure that will change her life forever.,906.107,Walt Disney Pictures-Whitaker Entertainment,2023-04-20,0.0,0.0,106.0,Released,Escape to Neverland.,5.826,367.0,Alexander Molony-Ever Anderson-Jude Law-Alyssa Wapanatâhk-Jim Gaffigan-Joshua Blue Pickering-Jacobi Jupe-Molly Parker-Alan Tudyk-Yara Shahidi-Florence Bensberg-Sebastian Billingsley-Rodriguez-Noah Matthews Matofsky-Caelan Edie-Kelsey Yates-Skyler Yates-Diana Tsoy-Felix de Sousa-John DeSantis-Garfield Wilson-Ian Tracey-Mark Acheson-Jesse James Pierce-Gemita Samarra-Cassie Van Wolde-Deborah Ramsay-Paloma Nuñez-Paul Chih-Ping Cheng-Mike Ching-Nora Mcadam,island-magic-fairy-fairy tale-peter pan-immortality-remake-pirate-based on children's book-fantasy world-live action remake,/8naZFKLQxhsYfvgveSP9Xw7Jv1B.jpg,/8HfjrSxfTVKmjNh8cJjbu5eXzcX.jpg,447365-493529-603692-1111140-640146-1098164-868759-1037644-1106942-713704-1102776-997776-1125197-10142-385687-758323-785759-948713-934433-876969-727340
315162,Puss in Boots: The Last Wish,Animation-Family-Fantasy-Adventure-Comedy,en,Puss in Boots discovers that his passion for adventure has taken its toll: He has burned through eight of his nine lives leaving him with only one life left. Puss sets out on an epic journey to find the mythical Last Wish and restore his nine lives.,904.25,DreamWorks Animation-Universal Pictures,2022-12-07,90000000.0,480000000.0,103.0,Released,Say hola to his little friends.,8.284,5759.0,Antonio Banderas-Salma Hayek Pinault-Harvey Guillén-Wagner Moura-Florence Pugh-Olivia Colman-Ray Winstone-Samson Kayo-John Mulaney-Da'Vine Joy Randolph-Anthony Mendez-Kevin McCann-Bernardo de Paula-Betsy Sodaro-Artemis Pebdani-Conrad Vernon-Cody Cameron-Kailey Crawford-Al Rodrigo-Bob Persichetti-Miguel Matrai-Pilar Uribe-Heidi Gardner-Joel Crawford-Januel Mercado-James Ryan-Natalia Cronembold-Paul Fisher-Aydrea Walden,fairy tale-talking dog-spin off-aftercreditsstinger-talking cat-fear of death,/kuf6dutpsT0vSVehic3EZIqkOBt.jpg,/jr8tSoJGj33XLgFBy6lmZhpGQNu.jpg,943822-1033456-505642-1011679-1058949-100088-135195-1078862-1047431-646389-10841-197158-631842-837925-536554
267805,There Are No Saints,Action,en,A man is imprisoned for a crime he didn't commit. When his wife is murdered and his son kidnapped and taken to Mexico he devises an elaborate and dangerous plan to rescue his son and avenge the murder.,903.86,Open Window Productions-BN Films-Itaca Films-Itaca Films,2022-05-27,0.0,0.0,105.0,Released,,5.6,51.0,José María Yázpik-Shannyn Sossamon-Tommy Flanagan-Ron Perlman-Karla Souza-Tim Roth-Paz Vega-Neal McDonough-Keidrich Sellati-Gary Carlos Cervantes-Brian Glanney-Rachel Noll James-Vincent Rivera-Kristyan Ferrer-Leticia Fabian-Jeff McNeal-Del Zamora-Natália Subtil-Renzo Lewis-Gabriel Santoyo-Vincent Rivera-Álex Perea-Arnulfo Reyes Sanchez,prison-mexico-kidnapping-murder-rescue-innocent-avenge,/fcOTYArjKuAgufwHoTvx8w9UKCv.jpg,/cL0cdccOMzM508ODsWPfHVMMAzo.jpg,1391-961484-763873-668047-630392-999127-301351-1364-854467-730167-818397-725201
635910,The Last Voyage of the Demeter,Horror-Fantasy,en,The crew of the merchant ship Demeter attempts to survive the ocean voyage from Carpathia to London as they are stalked each night by a merciless presence onboard the ship.,894.959,Phoenix Pictures-DreamWorks Pictures-Wise Owl Media-Reliance Entertainment-Studio Babelsberg-StoryWorks Productions,2023-08-09,45000000.0,20324355.0,119.0,Released,The legend of Dracula is born.,7.33,465.0,Corey Hawkins-Aisling Franciosi-Liam Cunningham-David Dastmalchian-Chris Walley-Jon Jon Briones-Stefan Kapičić-Martin Furulund-Nikolai Nikolaeff-Woody Norman-Javier Botet-Graham Turner-Andy Murray-Nicolo Pasetti-Christopher York-Vladimir Cabak-Rudolf Danielewicz-Noureddine Farihi-Malcolm Galea-Adam Shaw-Jack Doggart-Joe Depasquale-Sally Reeve-Love Yonk-Luke D'Agostino-Martin Mares,based on novel or book-vampire-ship-gothic horror-dracula,/nrtbv6Cew7qC7k9GsYSf5uSmuKh.jpg,/qEm4FrkGh7kGoEiBOyGYNielYVc.jpg,980489-615656-575718
882569,Guy Ritchie's The Covenant,War-Action-Thriller,en,During the war in Afghanistan a local interpreter risks his own life to carry an injured sergeant across miles of grueling terrain.,794.125,STX Films-Toff Guy Films,2023-04-19,55000000.0,20000000.0,123.0,Released,A bond. A pledge. A commitment.,7.662,657.0,Jake Gyllenhaal-Dar Salim-Antony Starr-Alexander Ludwig-Jonny Lee Miller-Emily Beecham-Jason Wong-Bobby Schofield-Sina Parvaneh-Sean Sagar-James Nelson-Joyce-Reza Diako-Abbas Fasaei-Swen Temmel-Rhys Yates-Ash Goldeh-Marcel Zadé-Christian Ochoa-Hadi Khanjanpour-Gary Anthony Stennette-Fariba Sheikhan-Damon Zolfaghari-Javier Ramos-Kawa Mawlayee-Altamasch Noor-Javid Hakim-Mo Ahmadi-Cyrus Khodaveisi-Paeman Arianfar-Shoaib Lodin,ambush-interpreter-afghanistan-afghanistan war (2001- )-rescue-war,/kVG8zFFYrpyYLoHChuEeOGAd6Ru.jpg,/vnPTLSBk95XKdahOaMkTlAck5Rc.jpg,840326-1037644-713704-385687-121342-552688-605886-603692-747355-758323-502356-1121116-842675-964980-876969-654374-868985-493529-649609-447365-620705
892070,Padre no hay más que uno 3,Comedy-Family,es,Christmas is coming. The children accidentally break a Nativity scene figurine from their father's collection and must by all means get an equal one the problem is that it is a unique antique piece. Sara the eldest daughter breaks up with her boyfriend Ocho who will try to recover her favors with the help of her father-in-law Javier. Precisely Javier's father-in-law Marisa's father will be welcomed into the family home to spend the holidays after her recent separation which will not leave Javier's mother Milagros indifferent. Rocío the folklore of the family who has been playing the Virgin for several Christmases is relegated this year to playing the shepherdess something that her father Javier is not willing to assume.,749.721,Atresmedia-Bowfinger,2022-07-15,0.0,0.0,0.0,Released,,8.5,2.0,Santiago Segura-Toni Acosta-Martina D’Antiochia-Calma Segura-Luna Fulgencio-Carlos G. Morollón-Sirena Segura-Loles León-Leo Harlem-Silvia Abril-El Cejas-Carlos Iglesias,,/rmFURMXlphmrGr8gItXkuHqg43G.jpg,/znUdSyO9ZUopUfmr6DH5YT5D5Cs.jpg,
770509,The Nights Belong to Monsters,Fantasy-Drama,es,Sol a 17-year-old teenager moves with her mother to the Gonzalo's home the actual mother's boyfriend. In this town where from the beginning Sol only finds hostility she must face bullying from her schoolmates and Gonzalo's harassment. While wandering the streets trying to find a way out Sol meet a mysterious and magical female dog with whom she establish a symbiotic relationship. It be this dog the one that violently and surprisingly always appear to defend Sol until the last consequences.,742.199,Rispo Films-Tieless Media,2021-10-09,0.0,0.0,96.0,Released,,2.0,1.0,Lu Grasso-Esteban Lamothe-Jazmín Stuart-Gustavo Garzón-Agustin Daulte-Macarena Suárez Dagliano-Majo Chicar-Laura Grandinetti-Nico García-Ignacio Quesada,,/cYNfI1WHxMm0JhCXEX9qUUOv8C3.jpg,,
614930,Teenage Mutant Ninja Turtles: Mutant Mayhem,Animation-Comedy-Action,en,After years of being sheltered from the human world the Turtle brothers set out to win the hearts of New Yorkers and be accepted as normal teenagers through heroic acts. Their new friend April O'Neil helps them take on a mysterious crime syndicate but they soon get in over their heads when an army of mutants is unleashed upon them.,729.356,Paramount-Nickelodeon Movies-Point Grey Pictures-Mikros Animation-Cinesite Animation,2023-07-31,70000000.0,161000000.0,100.0,Released,Heroes aren't born. They're mutated.,7.248,435.0,Micah Abbey-Shamon Brown Jr.-Nicolas Cantu-Brady Noon-Ayo Edebiri-Maya Rudolph-John Cena-Seth Rogen-Rose Byrne-Natasia Demetriou-Giancarlo Esposito-Jackie Chan-Ice Cube-Paul Rudd-Post Malone-Hannibal Buress-Jimmy Donaldson-Derek Wilson-Lukas Williams-Michael Badalucco-Dempsey Pappion-John Capodice-Andia Winslow-Raechel Wong-David Faustino-Danny Mastrogiorgio-Noel Gibson-Myra Owyang-Kevin Eastman-Alex Hirsch-Mike Rianda-Bobby Wagner-Greg Levitan-Illya Quinteros-Natalie Canizares-Kyler Spears-Jeff Rowe,new york city-sibling relationship-skateboarding-crime fighter-turtle-superhero-ninja-duringcreditsstinger-teenage mutant ninja turtles-aspiring journalist-anthropomorphic animal,/ueO9MYIOHO7M1PiMUeX74uf8fB9.jpg,/w2nFc2Rsm93PDkvjY4LTn17ePO0.jpg,565770-1008042-616747-615656-980489-346698-656968-1072371-406427-1003581-1110358-604031-872585-783675-724209-864168-10438-438348-985617-324857-1061181
565770,Blue Beetle,Action-Science Fiction,en,Recent college grad Jaime Reyes returns home full of aspirations for his future only to find that home is not quite as he left it. As he searches to find his purpose in the world fate intervenes when Jaime unexpectedly finds himself in possession of an ancient relic of alien biotechnology: the Scarab.,717.798,Warner Bros. Pictures-The Safran Company-DC Films,2023-08-16,120000000.0,0.0,128.0,Released,Jaime Reyes is a superhero whether he likes it or not.,7.464,69.0,Xolo Mariduena-Bruna Marquezine-Adriana Barraza-Damián Alcázar-Raoul Max Trujillo-Susan Sarandon-George Lopez-Elpidia Carrillo-Belissa Escobedo-Harvey Guillén-Gabrielle Ortiz-Becky G-Chente Ydrach-Modesto Lacen-Oshún Ramirez-Brianna Quinn Lewis-Tahj Vaughans-Dante Gonzalez-Abreu-Jon Z-Carlos Ponce-Isabella Aparicio-Ayden Rivera-Xol Gonzalez-Yuli Zorrilla,armor-superhero-family-high tech-origin-alien technology-latino-dc universe (dcu),/gvtMN1IWBqqPYYlPy2saWaPbmP9.jpg,/H6j5smdpRqP9a8UnhWp6zfl0SC.jpg,346698-791343-637663-1003581-41988-791348-872585-750613-618346-46718-447365-667216-76589-736073-862965-774752-808-297762-44912-43641
843794,JUNG_E,Science Fiction-Action-Adventure,ko,On an uninhabitable 22nd-century Earth the outcome of a civil war hinges on cloning the brain of an elite soldier to create a robot mercenary.,711.941,Climax Studios,2023-01-20,0.0,0.0,98.0,Released,AI Combat Warrior Will be Unleashed.,6.301,370.0,Kang Soo-youn-Kim Hyun-joo-Ryu Kyung-soo-Uhm Ji-won-Lee Dong-hee-Han Woo-yeol-Lee Ga-kyung-Shin Min-jae-Kim Sun-hyuk-Lee Hyun-kyun-Park So-yi-Lee Seung-chan-Kim Tae-joon-Do Yong-gu-Hong Seok-bin-Jun Jung-il-Son Young-soon-Cha Young-ju-Cha Hee-Park So-eul,artificial intelligence-clone-future-mercenary-dystopia-robot-22nd century-war,/z2nfRxZCGFgAnVhb9pZO87TyTX5.jpg,/afsYFdid9pnnRd6tTrHFUbHgXJn.jpg,1035806-542196-1013870-842544-536554-996727-653851-758009-505642-846433-947938-955991-877703-267805-646389-315162-615777-996525-511617-39456-619930
840326,Sisu,Action-War,fi,Deep in the wilderness of Lapland Aatami Korpi is searching for gold but after he stumbles upon Nazi patrol a breathtaking and gold-hungry chase through the destroyed and mined Lapland wilderness begins.,700.136,Subzero Film Entertainment-Good Chaos-Stage 6 Films,2023-01-27,6200000.0,10568631.0,91.0,Released,Vengeance is golden.,7.428,858.0,Jorma Tommila-Aksel Hennie-Jack Doolan-Mimosa Willamo-Onni Tommila-Tatu Sinisalo-Arttu Kapulainen-Elina Saarela-Ilkka Koivula-Max Ovaska-Joel Hirvonen-Pekka Huotari-Severi Saarinen-Aamu Milonoff-Vincent Willestrand-Wilhelm Enckell-Joonas Brilli-Nicholas Francett-Kevin Francett-Eemeli Franssi-Jussi Kaila-Jarkko Klemetti-Henri Koljonen-Pekka Laakso-Martti Näätä Leinonen-Joosua Oja-Pietari Paappanen-Oskari Skyttä-Tomi Lampinen-Mila Leppälä-Jasmi Mäenpää-Nora Nevia-Jenna Tyni-Anssi-Pekka Fredriksson-Jarmo Hietamäki-Wellu Mikkonen-Akseli Hakovirta-Juho-Lauri Hakovirta-Iisko Hirvasvuopio-Sakari Maliniemi-Jukka Vuorela-Ari Joki-Nikita Makkojev-Jasmin Valjas-Linnea Vilppunen-Hannu Anttila-Mario Esposito-Tarmo Hassinen-Miia Heikkinen-Kimmo Henriksson-Arto Kairajärvi-Risto Korhonen-Mirva Korvala-Steven Madlin-Julia Malmsten-Annika Moisio-Kari Parkkinen-Tommi Pelkonen-Arto Peltomäki-Leena Sormunen-Pekka Virkkunen-Jukka Virtanen-Tinwelindon Belbog,world war ii-nordic mythology-lapland-finnish mythology,/ygO9lowFMXWymATCrhoQXd6gCEh.jpg,/94TIUEhuwv8PhdIADEvSuwPljS5.jpg,31806-1053651-552688-222724-882569-1048300-605886-713704-1094319-502356-603692-431572-17169-265712-916224-447365-640146-385687-778-758323-296271
603692,John Wick: Chapter 4,Action-Thriller-Crime,en,With the price on his head ever increasing John Wick uncovers a path to defeating The High Table. But before he can earn his freedom Wick must face off against a new enemy with powerful alliances across the globe and forces that turn old friends into foes.,659.169,Thunder Road-87Eleven-Summit Entertainment-Studio Babelsberg,2023-03-22,90000000.0,426978565.0,170.0,Released,"No way back, one way out.",7.827,4159.0,Keanu Reeves-Donnie Yen-Bill Skarsgård-Ian McShane-Laurence Fishburne-Lance Reddick-Clancy Brown-Hiroyuki Sanada-Rina Sawayama-Scott Adkins-Aimée Kwan-Marko Zaror-Natalia Tena-Shamier Anderson-George Georgiou-Yoshinori Tashiro-Hiroki Sumi-Daiki Suzuki-Julia Asuka Riedl-Milena Rendón-Ivy Quainoo-Irina Trifanov-Iryna Fedorova-Andrej Kaminsky-Sven Marquardt-Raicho Vasilev-Marie Pierra Kakoma-Gina Aponte-Christoph Hofmann,new york city-martial arts-hitman-sequel-organized crime-osaka japan-aftercreditsstinger-hunted-professional assassin-neo-noir-berlin,/vZloFAK7NmvMGKE7VkF5UHaz0I.jpg,/fgw4rFs4XMWdJTWp1eMacHKQqbZ.jpg,1098239-802401-385687-19603-24791-502356-781009-525644-569094-384093-203579-1103694-649336-1076605-697843-12354-325358-347196-594767-493529-840326
862553,Bar Fight,Comedy,en,Nina and Allen split everything in their lives 50/50 after their break-up to avoid any drama—everything that is except for their favorite local bar. Nina and Allen must compete in a ridiculous tavern-style custody battle for their prized watering hole in which lines will be drawn sides will be chosen and beers will be drunken.,626.541,,2022-11-11,0.0,0.0,84.0,Released,Time to settle the score one drink at a time.,7.3,18.0,Melissa Fumero-Luka Jones-Rachel Bloom-Julian Gant-Dot-Marie Jones-Vik Sahay,,/wz3LJM9tVUgatlS1WhedZRju1ON.jpg,/rWlCGbcr8fCB7RAlHlZgoNNgpuP.jpg,1048300-1037391
920143,The Trip 6,Comedy,es,The last year High School excursion is the walk where anything can happen but the last year High School excursion with the parents that is the last straw. And since Álvaro Castaño knows that security is better than the police he decides to travel with his family to watch over his daughter Sarita however his mother-in-law Raquel is not willing to allow it and also embarks in the plan . On the paradisiacal beaches of San Andrés Álvaro Castaño will become Sara's nightmare and the sensation for the excursion while his sexy mother-in-law of him will be the one to steal the show. El Paseo 6 the last yeat High School excursion because the luck of the grandmother the High School girls wish it.,610.333,Caracol Televisión-Dago García Producciones,2021-12-25,0.0,0.0,97.0,Released,The excursion of 11,7.0,44.0,Amparo Grisales-Cecilia Navia-Jhon Álex Toro-Michell Orozco-Cristián David Duque-Andrés de la Mora-Rafaella Chávez-Armando Ortíz,mother-in-law-grandmother-excursion-comedy-paradise beaches,/5vSFW0rxMDZg8j5cr0JICBDSrGM.jpg,/svVppV4UOQw1fVi1Dt6z7n2UlyG.jpg,587792-287636-470614
502356,The Super Mario Bros. Movie,Animation-Family-Adventure-Fantasy-Comedy,en,While working underground to fix a water main Brooklyn plumbers—and brothers—Mario and Luigi are transported down a mysterious pipe and wander into a magical new world. But when the brothers are separated Mario embarks on an epic quest to find Luigi.,606.721,Universal Pictures-Illumination-Nintendo,2023-04-05,100000000.0,1355725263.0,93.0,Released,Not all heroes wear capes. Some wear overalls.,7.795,6262.0,Chris Pratt-Anya Taylor-Joy-Charlie Day-Jack Black-Keegan-Michael Key-Seth Rogen-Fred Armisen-Sebastian Maniscalco-Charles Martinet-Kevin Michael Richardson-Khary Payton-Rino Romano-John DiMaggio-Jessica DiCicco-Eric Bauza-Juliet Jelenic-Scott Menville-Carlos Alazraqui-Jason Broad-Ashly Burch-Rachel Butera-Cathy Cavadini-Will Collyer-Django Craig-Willow Geer-Aaron Hendry-Andy Hirsch-Barbara Harris-Phil LaMarr-Jeremy Maxwell-Daniel Mora-Eric Osmond-Noreen Reardon-Lee Shorten-Cree Summer-Nisa Ward-Nora Wyman,video game-gorilla-plumber-magic mushroom-anthropomorphism-based on video game-toad-aftercreditsstinger-duringcreditsstinger-damsel in distress-piano-brother brother relationship-evil king,/qNBAXBIQlnOThrVvA6mA2B5ggV6.jpg,/9n2tJBplPbgR2ca05hS5CKXwP2c.jpg,713704-385687-640146-603692-758323-60898-1008005-677179-493529-594767-76600-385647-552688-860867-447365-1106739-325358-19603-1128006-569094-868759
713704,Evil Dead Rise,Thriller-Horror,en,A reunion between two estranged sisters gets cut short by the rise of flesh-possessing demons thrusting them into a primal battle for survival as they face the most nightmarish version of family imaginable.,596.615,New Line Cinema-Ghost House Pictures-Renaissance Pictures-Pacific Renaissance Pictures-Wild Atlantic Pictures,2023-04-12,15000000.0,141512122.0,96.0,Released,Mommy loves you to death.,7.038,1937.0,Lily Sullivan-Alyssa Sutherland-Morgan Davies-Gabrielle Echols-Nell Fisher-Anna-Maree Thomas-Mirabai Pease-Richard Crouchley-Jayden Daniels-Mark Mitchinson-Tai Wano-Billy Reynolds-McCarthy-Noah Paul-Melissa Xiao-Bruce Campbell,sibling relationship-earthquake-pregnancy-sequel-gore-los angeles california-demon-evil-necronomicon-reboot-demonic possession-motherhood-sisterhood-sister sister relationship-body horror-apartment,/mIBCtPvKZQlxubxKMeViO2UrP3q.jpg,/7bWxAsNPv9CXHOhZbJVlj2KxgfP.jpg,758323-726239-502356-552688-640146-1014747-1008005-296271-868985-916224-447365-649609-868759-628030-385687-934433-168626-603692-493529-882569-1037644
872585,Oppenheimer,Drama-History,en,The story of J. Robert Oppenheimer’s role in the development of the atomic bomb during World War II.,590.47,Syncopy-Universal Pictures-Atlas Entertainment,2023-07-19,100000000.0,778876670.0,181.0,Released,The world forever changes.,8.3,2906.0,Cillian Murphy-Emily Blunt-Matt Damon-Robert Downey Jr.-Florence Pugh-Josh Hartnett-Casey Affleck-Rami Malek-Kenneth Branagh-Benny Safdie-Jason Clarke-Dylan Arnold-Tom Conti-James D'Arcy-David Dastmalchian-Dane DeHaan-Alden Ehrenreich-Tony Goldwyn-Jefferson Hall-David Krumholtz-Matthew Modine-Scott Grimes-Kurt Koehler-John Gowans-Macon Blair-Harry Groener-Gregory Jbara-Ted King-Tim DeKay-Steven Houska-Petrie Willink-Matthias Schweighöfer-Alex Wolff-Josh Zuckerman-Rory Keane-Michael Angarano-Emma Dumont-Sadie Stratton-Britt Kyle-Guy Burnet-Tom Jenkins-Louise Lombard-Michael Andrew Baker-Jeff Hephner-Olli Haaskivi-David Rysdahl-Josh Peck-Jack Quaid-Brett DelBuono-Gustaf Skarsgård-James Urbaniak-Trond Fausa Aurvåg-Devon Bostick-Danny Deferrari-Christopher Denham-Jessica Erin Martin-Ronald Auguste-Máté Haumann-Olivia Thirlby-Jack Cutmore-Scott-Harrison Gilbertson-James Remar-Will Roberts-Pat Skipper-Steve Coulter-Jeremy John Wells-Sean Avery-Adam Kroeger-Drew Kenney-Bryce Johnson-Flora Nolan-Kerry Westcott-Christina Hogue-Clay Bunker-Tyler Beardsley-Maria Teresa Zuppetta-Kate French-Gary Oldman-Hap Lawrence-Meg Schimelpfenig-Matt Snead,based on novel or book-husband wife relationship-new mexico-patriotism-atomic bomb-world war ii-atomic bomb test-biography-physics-politics-physicist-based on true story-jewish american-guilt-nuclear weapons-red scare-prometheus-1940s-ethics-new mexico desert-20th century-manhattan project-los alamos,/8Gxv8gSFCU0XGDykEGv7zR1n2ua.jpg,/rLb2cwF3Pazuxaj0sRXQ037tGI1.jpg,346698-115461-71915-298618-447365-808-575264-724209-12268-107113-667538-565770-884605-1163528-334931-106646-1076487-1083862-85801-614930
941520,Alien Sniperess,Action-Science Fiction-Fantasy,en,A female sniper on military leave promises to fulfill her fiancé’s dying wish until she encounters a hostile alien invasion and is tasked with saving countless lives.,581.299,Paradox Universe-Green Apple Productions,2022-04-08,0.0,0.0,94.0,Released,One shot one kill for mankind.,3.9,13.0,Olivia Okoro-Sean Laguna-Douglas Savage-Bourke Floyd-Sean J. Dillingham-Mark Speno-Alaina Laethem-Camille Kerber-Dan Weisgerber,,/bI1ZDRkerXrcaFa5kWjEMw80aqE.jpg,/3RJ0B8JnwuOaQf6qmwTILXibcJj.jpg,
845885,Dark Blood,Crime-Drama,en,A father is imprisoned after committing a brutal revenge crime. During his confinement he must adapt to a new life of abuse including injury and humiliation by guards and other prisoners.,573.165,,2021-09-05,0.0,0.0,83.0,Released,,4.9,7.0,John Leguizamo-Adriana Barraza-Ramiro Meneses-Hernán Méndez-Álvaro Rodríguez-María Nela Sinisterra,,/v78bAY02eCUv7lkpEpOVlRkqZDJ.jpg,/cFQso7tbFEGhNeYrWdtQVdhPDNW.jpg,
852096,We Have a Ghost,Fantasy-Family-Comedy-Adventure,en,After Kevin finds a ghost named Ernest haunting his new home he becomes an overnight social media sensation. But when Kevin and Ernest go rogue to investigate the mystery of the latter's past they become targets of the CIA.,560.336,Temple Hill Entertainment,2023-02-24,0.0,0.0,127.0,Released,Set your spirit free.,6.587,208.0,David Harbour-Jahi Di'Allo Winston-Anthony Mackie-Erica Ash-Niles Fitch-Isabella Russo-Tig Notaro-Tom Bower-Sean Boyd-Nicholas X. Parsons-Steve Coulter-Scott A. Martin-Jennifer Coolidge-Peggy Walton-Walker-Sherri Eakin-Faith Ford-Yoshio Maki-Sarah Voigt-Jophielle Love-Merah Benoit-April McCullough-Gabriel Sky-Taylor Shurte-Sarah Durn-Ariel Yasmine-Bob the Drag Queen-Major Dodge Jr.,cia-haunted house-ghost-social media,/xo0fgAUoEeVQ7KsKeMWypyglvnf.jpg,/6VX3TrYBtnMOHp3v44lIWWnEp7N.jpg,937278-1077280-100088-82856-1063422-957752-631842-906221-1024627-869112-677179-418585-890541-768939-804150-939979-717980-740441-703451-931954-1075519
668482,Roald Dahl's Matilda the Musical,Family-Comedy-Fantasy,en,An extraordinary young girl discovers her superpower and summons the remarkable courage against all odds to help others change their stories whilst also taking charge of her own destiny. Standing up for what's right she's met with miraculous results.,548.57,Working Title Films-The Roald Dahl Story Company,2022-11-25,25000000.0,13276499.0,117.0,Released,Meet the exception to the rules.,6.917,496.0,Alisha Weir-Emma Thompson-Lashana Lynch-Stephen Graham-Andrea Riseborough-Sindhu Vee-Charlie Hodson-Prior-Meesha Garbett-Rei Yamauchi Fulker-Ashton Robertson-Winter Jarrett Glasspool-Andrei Shen-Carl Spencer-Lauren Alexandra-Katherine Kingsley-Amber Adeyinka-James Laurenson-Ann Firbank-Amanda Lawrence-Thomas Arnold-James Dryden-Matt Henry-Karen Mavundukure-Tia Isaac-Ella Chadwick-Erin Rushidi-Rudy Gibson-Isa Islam-Joshua Moabi-Poppy Caton-Ian McIntosh-Kirsty Malpass-Tim Bentinck-Charlie Gordon-Lauren Hasselbaink-Dylan Duharty-Olivia Thomas-Isla Brill-Demi Delord-Miah Hasselbaink-Charlie Beeton-Daniel Bill-Serrana Su-Ling Bliss-Toby Brandon-Olivia Clark-Atalia Mai Cornelia-Imogen Darwen-Hannah Deverell-Myka Holland-Noah Leggott-Bebe Massey-Chloe Muldowney-Sara Munday-Elizabeth Nurdin-Lyla Toplass-Leon Ung-Scarlett Weegram-Poppy Whittaker-Rochelle Wyatt-Yasmin Boys,circus-library-corruption-child abuse-magic-musical-telekinesis-child prodigy-remake-based on play or musical-parenting-based on children's book-fantasy sequence-escape artist-precocious child-evil dictator-acrobats-bad parenting-female child abuser-kid genius-abusive family,/ga8R3OiOMMgSvZ4cOj8x7prUNYZ.jpg,/nWs0auTqn2UaFGfTKtUE5tlTeBu.jpg,199734-1041513-661374-877269-744594-934287-985335-68924-899112-937278-315162-800815-1057648-683328-740952-593643-76600-627485-657020-860155-1054513